Precinct,Polling Place,For,Against,Total,% For,% Against,Large Precinct,60 or 69,1968 Precinct,1969 Precincts,description,1960 Precincts
121,Palm School,62,42,104,60%,40%,1,60,"<Polygon><outerBoundaryIs><LinearRing><coordinates>-97.74519,30.261773,0.0 -97.742872,30.259772,0.0 -97.740254,30.253433,0.0 -97.732701,30.249318,0.0 -97.726178,30.26396,0.0 -97.742486,30.269075,0.0 -97.74519,30.261773,0.0</coordinates></LinearRing></outerBoundaryIs></Polygon>",,,"<Polygon><outerBoundaryIs><LinearRing><coordinates>-97.74519,30.261773,0.0 -97.742872,30.259772,0.0 -97.740254,30.253433,0.0 -97.732701,30.249318,0.0 -97.726178,30.26396,0.0 -97.742486,30.269075,0.0 -97.74519,30.261773,0.0</coordinates></LinearRing></outerBoundaryIs></Polygon>"
122,Pan American Recreation Center,124,48,172,72%,28%,1,60,"<Polygon><outerBoundaryIs><LinearRing><coordinates>-97.726178,30.26396,0.0 -97.732701,30.249318,0.0 -97.728796,30.247501,0.0 -97.723818,30.246241,0.0 -97.719955,30.247872,0.0 -97.71369,30.260921,0.0 -97.717981,30.261588,0.0 -97.722101,30.262626,0.0 -97.726178,30.26396,0.0</coordinates></LinearRing></outerBoundaryIs></Polygon>",,,"<Polygon><outerBoundaryIs><LinearRing><coordinates>-97.726178,30.26396,0.0 -97.732701,30.249318,0.0 -97.728796,30.247501,0.0 -97.723818,30.246241,0.0 -97.719955,30.247872,0.0 -97.71369,30.260921,0.0 -97.717981,30.261588,0.0 -97.722101,30.262626,0.0 -97.726178,30.26396,0.0</coordinates></LinearRing></outerBoundaryIs></Polygon>"
123,American Public Health Center,50,46,96,52%,48%,1,60,"<Polygon><outerBoundaryIs><LinearRing><coordinates>-97.742486,30.269075,0.0 -97.733989,30.266444,0.0 -97.731028,30.274598,0.0 -97.729053,30.278526,0.0 -97.738152,30.280639,0.0 -97.742486,30.269075,0.0</coordinates></LinearRing></outerBoundaryIs></Polygon>",,,"<Polygon><outerBoundaryIs><LinearRing><coordinates>-97.742486,30.269075,0.0 -97.733989,30.266444,0.0 -97.731028,30.274598,0.0 -97.729053,30.278526,0.0 -97.738152,30.280639,0.0 -97.742486,30.269075,0.0</coordinates></LinearRing></outerBoundaryIs></Polygon>"
124,Wesley Chapel Methodist Church,344,27,371,93%,7%,1,60,"<Polygon><outerBoundaryIs><LinearRing><coordinates>-97.726994,30.282899,0.0 -97.731028,30.274598,0.0 -97.733989,30.266444,0.0 -97.722101,30.262626,0.0 -97.718968,30.269298,0.0 -97.7212,30.279749,0.0 -97.722037,30.283993,0.0 -97.726994,30.282899,0.0</coordinates></LinearRing></outerBoundaryIs></Polygon>","<Polygon><outerBoundaryIs><LinearRing><coordinates>-97.718797,30.269742,0.0 -97.719054,30.269668,0.0 -97.722058,30.283826,0.0 -97.727423,30.282936,0.0 -97.73459,30.265739,0.0 -97.726521,30.263071,0.0 -97.72253,30.261662,0.0 -97.718797,30.269742,0.0</coordinates></LinearRing></outerBoundaryIs></Polygon>",,"<Polygon><outerBoundaryIs><LinearRing><coordinates>-97.726994,30.282899,0.0 -97.731028,30.274598,0.0 -97.733989,30.266444,0.0 -97.722101,30.262626,0.0 -97.718968,30.269298,0.0 -97.7212,30.279749,0.0 -97.722037,30.283993,0.0 -97.726994,30.282899,0.0</coordinates></LinearRing></outerBoundaryIs></Polygon>"
125,Doris Miller Auditorium,227,15,242,94%,6%,1,60,"<Polygon><outerBoundaryIs><LinearRing><coordinates>-97.722101,30.262626,0.0 -97.717981,30.261588,0.0 -97.71369,30.260921,0.0 -97.712316,30.263515,0.0 -97.711544,30.264183,0.0 -97.708712,30.265665,0.0 -97.704849,30.272485,0.0 -97.697983,30.273597,0.0 -97.69824,30.274412,0.0 -97.700386,30.276858,0.0 -97.719955,30.273819,0.0 -97.718968,30.269298,0.0 -97.722101,30.262626,0.0</coordinates></LinearRing></outerBoundaryIs></Polygon>","<Polygon><outerBoundaryIs><LinearRing><coordinates>-97.704935,30.272374,0.0 -97.707167,30.272411,0.0 -97.708025,30.272263,0.0 -97.709227,30.271929,0.0 -97.710214,30.271299,0.0 -97.710772,30.271077,0.0 -97.718797,30.269742,0.0 -97.72253,30.261662,0.0 -97.714548,30.258845,0.0 -97.71266,30.263145,0.0 -97.711587,30.264108,0.0 -97.70884,30.265517,0.0 -97.704935,30.272374,0.0</coordinates></LinearRing></outerBoundaryIs></Polygon>",,"<Polygon><outerBoundaryIs><LinearRing><coordinates>-97.722101,30.262626,0.0 -97.717981,30.261588,0.0 -97.71369,30.260921,0.0 -97.712316,30.263515,0.0 -97.711544,30.264183,0.0 -97.708712,30.265665,0.0 -97.704849,30.272485,0.0 -97.697983,30.273597,0.0 -97.69824,30.274412,0.0 -97.700386,30.276858,0.0 -97.719955,30.273819,0.0 -97.718968,30.269298,0.0 -97.722101,30.262626,0.0</coordinates></LinearRing></outerBoundaryIs></Polygon>"
126,Govalle School,133,73,206,65%,35%,1,60,"<Polygon><outerBoundaryIs><LinearRing><coordinates>-97.719955,30.247872,0.0 -97.716436,30.249577,0.0 -97.70957,30.250541,0.0 -97.705107,30.250245,0.0 -97.69043,30.273523,0.0 -97.696524,30.273819,0.0 -97.704849,30.272485,0.0 -97.708712,30.265665,0.0 -97.711544,30.264183,0.0 -97.712316,30.263515,0.0 -97.719955,30.247872,0.0</coordinates></LinearRing></outerBoundaryIs></Polygon>",,,"<Polygon><outerBoundaryIs><LinearRing><coordinates>-97.719955,30.247872,0.0 -97.716436,30.249577,0.0 -97.70957,30.250541,0.0 -97.705107,30.250245,0.0 -97.69043,30.273523,0.0 -97.696524,30.273819,0.0 -97.704849,30.272485,0.0 -97.708712,30.265665,0.0 -97.711544,30.264183,0.0 -97.712316,30.263515,0.0 -97.719955,30.247872,0.0</coordinates></LinearRing></outerBoundaryIs></Polygon>"
127,Allan Jr High School,61,37,98,62%,38%,1,60,"<Polygon><outerBoundaryIs><LinearRing><coordinates>-97.705107,30.250245,0.0 -97.70339,30.250096,0.0 -97.700901,30.249577,0.0 -97.699614,30.248243,0.0 -97.699528,30.246463,0.0 -97.697983,30.245203,0.0 -97.694807,30.24498,0.0 -97.690773,30.245648,0.0 -97.691116,30.247872,0.0 -97.689829,30.2498,0.0 -97.683477,30.250764,0.0 -97.678928,30.253433,0.0 -97.671118,30.26611,0.0 -97.69,30.27419,0.0 -97.705107,30.250245,0.0</coordinates></LinearRing></outerBoundaryIs></Polygon>",,,"<Polygon><outerBoundaryIs><LinearRing><coordinates>-97.705107,30.250245,0.0 -97.70339,30.250096,0.0 -97.700901,30.249577,0.0 -97.699614,30.248243,0.0 -97.699528,30.246463,0.0 -97.697983,30.245203,0.0 -97.694807,30.24498,0.0 -97.690773,30.245648,0.0 -97.691116,30.247872,0.0 -97.689829,30.2498,0.0 -97.683477,30.250764,0.0 -97.678928,30.253433,0.0 -97.671118,30.26611,0.0 -97.69,30.27419,0.0 -97.705107,30.250245,0.0</coordinates></LinearRing></outerBoundaryIs></Polygon>"
128,David Chapel Baptist Church,514,34,548,94%,6%,1,60,"<Polygon><outerBoundaryIs><LinearRing><coordinates>-97.719955,30.273819,0.0 -97.700386,30.276858,0.0 -97.706394,30.286346,0.0 -97.722037,30.283993,0.0 -97.719955,30.273819,0.0</coordinates></LinearRing></outerBoundaryIs></Polygon>","<Polygon><outerBoundaryIs><LinearRing><coordinates>-97.722058,30.283826,0.0 -97.719054,30.269668,0.0 -97.714913,30.270298,0.0 -97.710772,30.271077,0.0 -97.710214,30.271299,0.0 -97.709227,30.271929,0.0 -97.707167,30.272411,0.0 -97.704935,30.272374,0.0 -97.697897,30.273671,0.0 -97.69824,30.274486,0.0 -97.7003,30.276636,0.0 -97.704163,30.282566,0.0 -97.708668,30.28201,0.0 -97.709141,30.286049,0.0 -97.722058,30.283826,0.0</coordinates></LinearRing></outerBoundaryIs></Polygon>",,"<Polygon><outerBoundaryIs><LinearRing><coordinates>-97.719955,30.273819,0.0 -97.700386,30.276858,0.0 -97.706394,30.286346,0.0 -97.722037,30.283993,0.0 -97.719955,30.273819,0.0</coordinates></LinearRing></outerBoundaryIs></Polygon>"
129,Sims School,462,17,479,96%,4%,1,60,"<Polygon><outerBoundaryIs><LinearRing><coordinates>-97.671118,30.26611,0.0 -97.66511,30.285679,0.0 -97.672234,30.28679,0.0 -97.682705,30.285901,0.0 -97.703905,30.282566,0.0 -97.700386,30.276858,0.0 -97.69824,30.274412,0.0 -97.697983,30.273597,0.0 -97.696524,30.273819,0.0 -97.69043,30.273523,0.0 -97.69,30.27419,0.0 -97.671118,30.26611,0.0</coordinates></LinearRing></outerBoundaryIs></Polygon>","<Polygon><outerBoundaryIs><LinearRing><coordinates>-97.704163,30.282566,0.0 -97.7003,30.276636,0.0 -97.69824,30.274486,0.0 -97.697897,30.273671,0.0 -97.696438,30.273856,0.0 -97.690515,30.27356,0.0 -97.688971,30.275969,0.0 -97.682362,30.279601,0.0 -97.680044,30.279972,0.0 -97.676697,30.282343,0.0 -97.670946,30.284048,0.0 -97.669573,30.286346,0.0 -97.672577,30.28679,0.0 -97.682447,30.285827,0.0 -97.704163,30.282566,0.0</coordinates></LinearRing></outerBoundaryIs></Polygon>",,"<Polygon><outerBoundaryIs><LinearRing><coordinates>-97.671118,30.26611,0.0 -97.66511,30.285679,0.0 -97.672234,30.28679,0.0 -97.682705,30.285901,0.0 -97.703905,30.282566,0.0 -97.700386,30.276858,0.0 -97.69824,30.274412,0.0 -97.697983,30.273597,0.0 -97.696524,30.273819,0.0 -97.69043,30.273523,0.0 -97.69,30.27419,0.0 -97.671118,30.26611,0.0</coordinates></LinearRing></outerBoundaryIs></Polygon>"
130,Robert E Lee School,250,211,461,54%,46%,1,60,"<Polygon><outerBoundaryIs><LinearRing><coordinates>-97.719269,30.294721,0.0 -97.723217,30.296499,0.0 -97.725019,30.296425,0.0 -97.727165,30.297537,0.0 -97.727766,30.294572,0.0 -97.730255,30.290867,0.0 -97.731371,30.289903,0.0 -97.733259,30.289533,0.0 -97.734117,30.288347,0.0 -97.734632,30.290719,0.0 -97.736092,30.293164,0.0 -97.736692,30.289533,0.0 -97.73695,30.287235,0.0 -97.738152,30.280639,0.0 -97.729053,30.278526,0.0 -97.726994,30.282899,0.0 -97.719269,30.294721,0.0</coordinates></LinearRing></outerBoundaryIs></Polygon>",,,"<Polygon><outerBoundaryIs><LinearRing><coordinates>-97.719269,30.294721,0.0 -97.723217,30.296499,0.0 -97.725019,30.296425,0.0 -97.727165,30.297537,0.0 -97.727766,30.294572,0.0 -97.730255,30.290867,0.0 -97.731371,30.289903,0.0 -97.733259,30.289533,0.0 -97.734117,30.288347,0.0 -97.734632,30.290719,0.0 -97.736092,30.293164,0.0 -97.736692,30.289533,0.0 -97.73695,30.287235,0.0 -97.738152,30.280639,0.0 -97.729053,30.278526,0.0 -97.726994,30.282899,0.0 -97.719269,30.294721,0.0</coordinates></LinearRing></outerBoundaryIs></Polygon>"
131,Maplewood School,226,552,778,29%,71%,1,60,"<Polygon><outerBoundaryIs><LinearRing><coordinates>-97.726994,30.282899,0.0 -97.722037,30.283993,0.0 -97.706394,30.286346,0.0 -97.707252,30.288347,0.0 -97.708197,30.296425,0.0 -97.709312,30.298352,0.0 -97.714977,30.301538,0.0 -97.726994,30.282899,0.0</coordinates></LinearRing></outerBoundaryIs></Polygon>","<Polygon><outerBoundaryIs><LinearRing><coordinates>-97.727423,30.282936,0.0 -97.722058,30.283826,0.0 -97.709141,30.286049,0.0 -97.708668,30.28201,0.0 -97.704163,30.282566,0.0 -97.706394,30.286272,0.0 -97.707252,30.288717,0.0 -97.708197,30.296351,0.0 -97.70854,30.297092,0.0 -97.709913,30.298871,0.0 -97.707467,30.303021,0.0 -97.713368,30.30517,0.0 -97.715321,30.301835,0.0 -97.727423,30.282936,0.0</coordinates></LinearRing></outerBoundaryIs></Polygon>",,"<Polygon><outerBoundaryIs><LinearRing><coordinates>-97.726994,30.282899,0.0 -97.722037,30.283993,0.0 -97.706394,30.286346,0.0 -97.707252,30.288347,0.0 -97.708197,30.296425,0.0 -97.709312,30.298352,0.0 -97.714977,30.301538,0.0 -97.726994,30.282899,0.0</coordinates></LinearRing></outerBoundaryIs></Polygon>"
132,Pecan Springs School,248,238,486,51%,49%,1,60,"<Polygon><outerBoundaryIs><LinearRing><coordinates>-97.703905,30.282566,0.0 -97.682705,30.285901,0.0 -97.672234,30.28679,0.0 -97.66511,30.285679,0.0 -97.66365,30.292201,0.0 -97.666225,30.29309,0.0 -97.668457,30.292497,0.0 -97.671804,30.293979,0.0 -97.675838,30.29272,0.0 -97.688885,30.299093,0.0 -97.69103,30.301316,0.0 -97.695322,30.301538,0.0 -97.698927,30.303762,0.0 -97.688541,30.320878,0.0 -97.696009,30.32073,0.0 -97.708712,30.310505,0.0 -97.714977,30.301538,0.0 -97.709312,30.298352,0.0 -97.708197,30.296425,0.0 -97.707252,30.288347,0.0 -97.706394,30.286346,0.0 -97.703905,30.282566,0.0</coordinates></LinearRing></outerBoundaryIs></Polygon>","<Polygon><outerBoundaryIs><LinearRing><coordinates>-97.665367,30.285605,0.0 -97.66099,30.302576,0.0 -97.662363,30.303169,0.0 -97.662792,30.304058,0.0 -97.664938,30.305244,0.0 -97.666311,30.308949,0.0 -97.66717,30.309986,0.0 -97.669229,30.308875,0.0 -97.673092,30.307985,0.0 -97.676353,30.308059,0.0 -97.678757,30.307689,0.0 -97.679615,30.307244,0.0 -97.681332,30.304503,0.0 -97.68528,30.300723,0.0 -97.687511,30.297463,0.0 -97.688284,30.295832,0.0 -97.689142,30.294943,0.0 -97.689314,30.291534,0.0 -97.690086,30.290126,0.0 -97.691116,30.289681,0.0 -97.692575,30.289607,0.0 -97.694979,30.2902,0.0 -97.696953,30.289903,0.0 -97.700643,30.287976,0.0 -97.702103,30.287013,0.0 -97.706394,30.286272,0.0 -97.704163,30.282566,0.0 -97.682447,30.285827,0.0 -97.672577,30.28679,0.0 -97.665367,30.285605,0.0</coordinates></LinearRing></outerBoundaryIs></Polygon>",,"<Polygon><outerBoundaryIs><LinearRing><coordinates>-97.703905,30.282566,0.0 -97.682705,30.285901,0.0 -97.672234,30.28679,0.0 -97.66511,30.285679,0.0 -97.66365,30.292201,0.0 -97.666225,30.29309,0.0 -97.668457,30.292497,0.0 -97.671804,30.293979,0.0 -97.675838,30.29272,0.0 -97.688885,30.299093,0.0 -97.69103,30.301316,0.0 -97.695322,30.301538,0.0 -97.698927,30.303762,0.0 -97.688541,30.320878,0.0 -97.696009,30.32073,0.0 -97.708712,30.310505,0.0 -97.714977,30.301538,0.0 -97.709312,30.298352,0.0 -97.708197,30.296425,0.0 -97.707252,30.288347,0.0 -97.706394,30.286346,0.0 -97.703905,30.282566,0.0</coordinates></LinearRing></outerBoundaryIs></Polygon>"
133,Blanton School,191,420,611,31%,69%,1,69,"<Polygon><outerBoundaryIs><LinearRing><coordinates>-97.698927,30.303836,0.0 -97.697382,30.302428,0.0 -97.694979,30.301464,0.0 -97.691288,30.30139,0.0 -97.690258,30.300723,0.0 -97.689228,30.299241,0.0 -97.686996,30.29813,0.0 -97.68528,30.300723,0.0 -97.681332,30.304503,0.0 -97.679615,30.307244,0.0 -97.678757,30.307689,0.0 -97.6791,30.308356,0.0 -97.684851,30.31132,0.0 -97.684679,30.312505,0.0 -97.691374,30.315765,0.0 -97.698927,30.303836,0.0</coordinates></LinearRing></outerBoundaryIs></Polygon>","<Polygon><outerBoundaryIs><LinearRing><coordinates>-97.698927,30.303836,0.0 -97.697382,30.302428,0.0 -97.694979,30.301464,0.0 -97.691288,30.30139,0.0 -97.690258,30.300723,0.0 -97.689228,30.299241,0.0 -97.686996,30.29813,0.0 -97.68528,30.300723,0.0 -97.681332,30.304503,0.0 -97.679615,30.307244,0.0 -97.678757,30.307689,0.0 -97.6791,30.308356,0.0 -97.684851,30.31132,0.0 -97.684679,30.312505,0.0 -97.691374,30.315765,0.0 -97.698927,30.303836,0.0</coordinates></LinearRing></outerBoundaryIs></Polygon>",,
134,Andrews School,266,193,459,58%,42%,1,69,"<Polygon><outerBoundaryIs><LinearRing><coordinates>-97.66717,30.309986,0.0 -97.66305,30.316062,0.0 -97.665367,30.319544,0.0 -97.673349,30.325471,0.0 -97.680387,30.323026,0.0 -97.683735,30.321767,0.0 -97.688198,30.321026,0.0 -97.691374,30.315765,0.0 -97.684679,30.312505,0.0 -97.684851,30.31132,0.0 -97.6791,30.308356,0.0 -97.678757,30.307689,0.0 -97.676353,30.308059,0.0 -97.673092,30.307985,0.0 -97.669229,30.308875,0.0 -97.66717,30.309986,0.0</coordinates></LinearRing></outerBoundaryIs></Polygon>","<Polygon><outerBoundaryIs><LinearRing><coordinates>-97.66717,30.309986,0.0 -97.66305,30.316062,0.0 -97.665367,30.319544,0.0 -97.673349,30.325471,0.0 -97.680387,30.323026,0.0 -97.683735,30.321767,0.0 -97.688198,30.321026,0.0 -97.691374,30.315765,0.0 -97.684679,30.312505,0.0 -97.684851,30.31132,0.0 -97.6791,30.308356,0.0 -97.678757,30.307689,0.0 -97.676353,30.308059,0.0 -97.673092,30.307985,0.0 -97.669229,30.308875,0.0 -97.66717,30.309986,0.0</coordinates></LinearRing></outerBoundaryIs></Polygon>",,
135,Reagan High School,269,477,746,36%,64%,1,69,"<Polygon><outerBoundaryIs><LinearRing><coordinates>-97.710171,30.309097,0.0 -97.699871,30.304503,0.0 -97.698927,30.303836,0.0 -97.688198,30.321026,0.0 -97.683735,30.321767,0.0 -97.680387,30.323026,0.0 -97.690172,30.329324,0.0 -97.691374,30.327323,0.0 -97.694893,30.321841,0.0 -97.69927,30.317544,0.0 -97.710171,30.309097,0.0</coordinates></LinearRing></outerBoundaryIs></Polygon>","<Polygon><outerBoundaryIs><LinearRing><coordinates>-97.710171,30.309097,0.0 -97.699871,30.304503,0.0 -97.698927,30.303836,0.0 -97.688198,30.321026,0.0 -97.683735,30.321767,0.0 -97.680387,30.323026,0.0 -97.690172,30.329324,0.0 -97.691374,30.327323,0.0 -97.694893,30.321841,0.0 -97.69927,30.317544,0.0 -97.710171,30.309097,0.0</coordinates></LinearRing></outerBoundaryIs></Polygon>",,
136,Ridgetop School,148,364,512,29%,71%,1,69,"<Polygon><outerBoundaryIs><LinearRing><coordinates>-97.719741,30.294943,0.0 -97.715321,30.301835,0.0 -97.713368,30.30517,0.0 -97.710171,30.309097,0.0 -97.69927,30.317544,0.0 -97.694893,30.321841,0.0 -97.70648,30.322248,0.0 -97.712617,30.320359,0.0 -97.714634,30.320248,0.0 -97.715878,30.320619,0.0 -97.722831,30.30969,0.0 -97.724547,30.306948,0.0 -97.724161,30.306985,0.0 -97.719655,30.304836,0.0 -97.720985,30.302613,0.0 -97.722273,30.299982,0.0 -97.723088,30.296499,0.0 -97.719741,30.294943,0.0</coordinates></LinearRing></outerBoundaryIs></Polygon>","<Polygon><outerBoundaryIs><LinearRing><coordinates>-97.719741,30.294943,0.0 -97.715321,30.301835,0.0 -97.713368,30.30517,0.0 -97.710171,30.309097,0.0 -97.69927,30.317544,0.0 -97.694893,30.321841,0.0 -97.70648,30.322248,0.0 -97.712617,30.320359,0.0 -97.714634,30.320248,0.0 -97.715878,30.320619,0.0 -97.722831,30.30969,0.0 -97.724547,30.306948,0.0 -97.724161,30.306985,0.0 -97.719655,30.304836,0.0 -97.720985,30.302613,0.0 -97.722273,30.299982,0.0 -97.723088,30.296499,0.0 -97.719741,30.294943,0.0</coordinates></LinearRing></outerBoundaryIs></Polygon>",,
221,Pease School,95,128,223,43%,57%,2,60,"<Polygon><outerBoundaryIs><LinearRing><coordinates>-97.740641,30.274116,0.0 -97.751284,30.276933,0.0 -97.754202,30.277822,0.0 -97.757034,30.273226,0.0 -97.765016,30.276265,0.0 -97.768364,30.270706,0.0 -97.754374,30.265072,0.0 -97.74519,30.261773,0.0 -97.740641,30.274116,0.0</coordinates></LinearRing></outerBoundaryIs></Polygon>",,,"<Polygon><outerBoundaryIs><LinearRing><coordinates>-97.740641,30.274116,0.0 -97.751284,30.276933,0.0 -97.754202,30.277822,0.0 -97.757034,30.273226,0.0 -97.765016,30.276265,0.0 -97.768364,30.270706,0.0 -97.754374,30.265072,0.0 -97.74519,30.261773,0.0 -97.740641,30.274116,0.0</coordinates></LinearRing></outerBoundaryIs></Polygon>"
222,O'Henry Jr High School,355,229,584,61%,39%,2,60,"<Polygon><outerBoundaryIs><LinearRing><coordinates>-97.768364,30.270706,0.0 -97.766132,30.274264,0.0 -97.767076,30.277451,0.0 -97.766991,30.280342,0.0 -97.763729,30.285827,0.0 -97.771969,30.290422,0.0 -97.785873,30.297018,0.0 -97.786903,30.29146,0.0 -97.785165,30.284845,0.0 -97.768364,30.270706,0.0</coordinates></LinearRing></outerBoundaryIs></Polygon>",,,"<Polygon><outerBoundaryIs><LinearRing><coordinates>-97.768364,30.270706,0.0 -97.766132,30.274264,0.0 -97.767076,30.277451,0.0 -97.766991,30.280342,0.0 -97.763729,30.285827,0.0 -97.771969,30.290422,0.0 -97.785873,30.297018,0.0 -97.786903,30.29146,0.0 -97.785165,30.284845,0.0 -97.768364,30.270706,0.0</coordinates></LinearRing></outerBoundaryIs></Polygon>"
223,Austin High School Gym,111,129,240,46%,54%,2,60,"<Polygon><outerBoundaryIs><LinearRing><coordinates>-97.751284,30.276933,0.0 -97.740641,30.274116,0.0 -97.738152,30.280639,0.0 -97.750168,30.283974,0.0 -97.752228,30.283752,0.0 -97.751026,30.282418,0.0 -97.750425,30.280342,0.0 -97.751284,30.276933,0.0</coordinates></LinearRing></outerBoundaryIs></Polygon>",,,"<Polygon><outerBoundaryIs><LinearRing><coordinates>-97.751284,30.276933,0.0 -97.740641,30.274116,0.0 -97.738152,30.280639,0.0 -97.750168,30.283974,0.0 -97.752228,30.283752,0.0 -97.751026,30.282418,0.0 -97.750425,30.280342,0.0 -97.751284,30.276933,0.0</coordinates></LinearRing></outerBoundaryIs></Polygon>"
224,Matthews School,295,395,690,43%,57%,2,60,"<Polygon><outerBoundaryIs><LinearRing><coordinates>-97.766132,30.274264,0.0 -97.765016,30.276265,0.0 -97.757034,30.273226,0.0 -97.754202,30.277822,0.0 -97.751284,30.276933,0.0 -97.750425,30.280342,0.0 -97.751026,30.282418,0.0 -97.752228,30.283752,0.0 -97.753258,30.285382,0.0 -97.753172,30.287013,0.0 -97.752743,30.288569,0.0 -97.754545,30.289088,0.0 -97.755318,30.289014,0.0 -97.756176,30.28931,0.0 -97.757635,30.291089,0.0 -97.759952,30.292275,0.0 -97.766991,30.280342,0.0 -97.767076,30.277451,0.0 -97.766132,30.274264,0.0</coordinates></LinearRing></outerBoundaryIs></Polygon>",,,"<Polygon><outerBoundaryIs><LinearRing><coordinates>-97.766132,30.274264,0.0 -97.765016,30.276265,0.0 -97.757034,30.273226,0.0 -97.754202,30.277822,0.0 -97.751284,30.276933,0.0 -97.750425,30.280342,0.0 -97.751026,30.282418,0.0 -97.752228,30.283752,0.0 -97.753258,30.285382,0.0 -97.753172,30.287013,0.0 -97.752743,30.288569,0.0 -97.754545,30.289088,0.0 -97.755318,30.289014,0.0 -97.756176,30.28931,0.0 -97.757635,30.291089,0.0 -97.759952,30.292275,0.0 -97.766991,30.280342,0.0 -97.767076,30.277451,0.0 -97.766132,30.274264,0.0</coordinates></LinearRing></outerBoundaryIs></Polygon>"
225,Texas State Bank,169,55,224,75%,25%,2,60,"<Polygon><outerBoundaryIs><LinearRing><coordinates>-97.752743,30.288569,0.0 -97.753172,30.287013,0.0 -97.753258,30.285382,0.0 -97.752228,30.283752,0.0 -97.750168,30.283974,0.0 -97.738152,30.280639,0.0 -97.73695,30.287235,0.0 -97.752743,30.288569,0.0</coordinates></LinearRing></outerBoundaryIs></Polygon>",,,"<Polygon><outerBoundaryIs><LinearRing><coordinates>-97.752743,30.288569,0.0 -97.753172,30.287013,0.0 -97.753258,30.285382,0.0 -97.752228,30.283752,0.0 -97.750168,30.283974,0.0 -97.738152,30.280639,0.0 -97.73695,30.287235,0.0 -97.752743,30.288569,0.0</coordinates></LinearRing></outerBoundaryIs></Polygon>"
226,Dill School,388,521,909,43%,57%,2,60,"<Polygon><outerBoundaryIs><LinearRing><coordinates>-97.785873,30.297018,0.0 -97.771969,30.290422,0.0 -97.763729,30.285827,0.0 -97.759952,30.292275,0.0 -97.761154,30.292645,0.0 -97.765102,30.293609,0.0 -97.768021,30.29687,0.0 -97.781324,30.303539,0.0 -97.783127,30.302205,0.0 -97.785873,30.297018,0.0</coordinates></LinearRing></outerBoundaryIs></Polygon>",,,"<Polygon><outerBoundaryIs><LinearRing><coordinates>-97.785873,30.297018,0.0 -97.771969,30.290422,0.0 -97.763729,30.285827,0.0 -97.759952,30.292275,0.0 -97.761154,30.292645,0.0 -97.765102,30.293609,0.0 -97.768021,30.29687,0.0 -97.781324,30.303539,0.0 -97.783127,30.302205,0.0 -97.785873,30.297018,0.0</coordinates></LinearRing></outerBoundaryIs></Polygon>"
227,University Methodist Church,165,45,210,79%,21%,2,60,"<Polygon><outerBoundaryIs><LinearRing><coordinates>-97.752743,30.288569,0.0 -97.73695,30.287235,0.0 -97.736092,30.293164,0.0 -97.737207,30.294276,0.0 -97.746906,30.299093,0.0 -97.74785,30.298537,0.0 -97.748537,30.297907,0.0 -97.748795,30.296129,0.0 -97.747078,30.292868,0.0 -97.74785,30.292053,0.0 -97.750511,30.291534,0.0 -97.751884,30.289977,0.0 -97.752743,30.288569,0.0</coordinates></LinearRing></outerBoundaryIs></Polygon>",,,"<Polygon><outerBoundaryIs><LinearRing><coordinates>-97.752743,30.288569,0.0 -97.73695,30.287235,0.0 -97.736092,30.293164,0.0 -97.737207,30.294276,0.0 -97.746906,30.299093,0.0 -97.74785,30.298537,0.0 -97.748537,30.297907,0.0 -97.748795,30.296129,0.0 -97.747078,30.292868,0.0 -97.74785,30.292053,0.0 -97.750511,30.291534,0.0 -97.751884,30.289977,0.0 -97.752743,30.288569,0.0</coordinates></LinearRing></outerBoundaryIs></Polygon>"
228,First English Lutheran Church,271,441,712,38%,62%,2,60,"<Polygon><outerBoundaryIs><LinearRing><coordinates>-97.746906,30.299093,0.0 -97.737207,30.294276,0.0 -97.736092,30.293164,0.0 -97.734632,30.290719,0.0 -97.734117,30.288347,0.0 -97.733259,30.289533,0.0 -97.731371,30.289903,0.0 -97.730255,30.290867,0.0 -97.727766,30.294572,0.0 -97.731371,30.295906,0.0 -97.730942,30.296573,0.0 -97.734976,30.298426,0.0 -97.735147,30.29813,0.0 -97.744675,30.30265,0.0 -97.746906,30.299093,0.0</coordinates></LinearRing></outerBoundaryIs></Polygon>",,,"<Polygon><outerBoundaryIs><LinearRing><coordinates>-97.746906,30.299093,0.0 -97.737207,30.294276,0.0 -97.736092,30.293164,0.0 -97.734632,30.290719,0.0 -97.734117,30.288347,0.0 -97.733259,30.289533,0.0 -97.731371,30.289903,0.0 -97.730255,30.290867,0.0 -97.727766,30.294572,0.0 -97.731371,30.295906,0.0 -97.730942,30.296573,0.0 -97.734976,30.298426,0.0 -97.735147,30.29813,0.0 -97.744675,30.30265,0.0 -97.746906,30.299093,0.0</coordinates></LinearRing></outerBoundaryIs></Polygon>"
229,Brykerwoods School,345,603,948,36%,64%,2,60,"<Polygon><outerBoundaryIs><LinearRing><coordinates>-97.759952,30.292275,0.0 -97.757635,30.291089,0.0 -97.756176,30.28931,0.0 -97.755318,30.289014,0.0 -97.754545,30.289088,0.0 -97.752743,30.288569,0.0 -97.751884,30.289977,0.0 -97.750511,30.291534,0.0 -97.74785,30.292053,0.0 -97.747078,30.292868,0.0 -97.748795,30.296129,0.0 -97.748537,30.297907,0.0 -97.74785,30.298537,0.0 -97.746906,30.299093,0.0 -97.744675,30.30265,0.0 -97.749095,30.304873,0.0 -97.749309,30.305911,0.0 -97.750597,30.307133,0.0 -97.751841,30.307911,0.0 -97.757034,30.309023,0.0 -97.758193,30.304021,0.0 -97.757978,30.29913,0.0 -97.759952,30.292275,0.0</coordinates></LinearRing></outerBoundaryIs></Polygon>",,,"<Polygon><outerBoundaryIs><LinearRing><coordinates>-97.759952,30.292275,0.0 -97.757635,30.291089,0.0 -97.756176,30.28931,0.0 -97.755318,30.289014,0.0 -97.754545,30.289088,0.0 -97.752743,30.288569,0.0 -97.751884,30.289977,0.0 -97.750511,30.291534,0.0 -97.74785,30.292053,0.0 -97.747078,30.292868,0.0 -97.748795,30.296129,0.0 -97.748537,30.297907,0.0 -97.74785,30.298537,0.0 -97.746906,30.299093,0.0 -97.744675,30.30265,0.0 -97.749095,30.304873,0.0 -97.749309,30.305911,0.0 -97.750597,30.307133,0.0 -97.751841,30.307911,0.0 -97.757034,30.309023,0.0 -97.758193,30.304021,0.0 -97.757978,30.29913,0.0 -97.759952,30.292275,0.0</coordinates></LinearRing></outerBoundaryIs></Polygon>"
230,Casis School,356,546,902,39%,61%,2,60,"<Polygon><outerBoundaryIs><LinearRing><coordinates>-97.759952,30.292275,0.0 -97.757978,30.29913,0.0 -97.758193,30.304021,0.0 -97.757034,30.309023,0.0 -97.756004,30.321396,0.0 -97.755747,30.324953,0.0 -97.764673,30.329398,0.0 -97.77051,30.322508,0.0 -97.777119,30.32599,0.0 -97.776003,30.320063,0.0 -97.77626,30.313246,0.0 -97.778149,30.306948,0.0 -97.781324,30.303539,0.0 -97.768021,30.29687,0.0 -97.765102,30.293609,0.0 -97.759952,30.292275,0.0</coordinates></LinearRing></outerBoundaryIs></Polygon>",,,"<Polygon><outerBoundaryIs><LinearRing><coordinates>-97.759952,30.292275,0.0 -97.757978,30.29913,0.0 -97.758193,30.304021,0.0 -97.757034,30.309023,0.0 -97.756004,30.321396,0.0 -97.755747,30.324953,0.0 -97.764673,30.329398,0.0 -97.77051,30.322508,0.0 -97.777119,30.32599,0.0 -97.776003,30.320063,0.0 -97.77626,30.313246,0.0 -97.778149,30.306948,0.0 -97.781324,30.303539,0.0 -97.768021,30.29687,0.0 -97.765102,30.293609,0.0 -97.759952,30.292275,0.0</coordinates></LinearRing></outerBoundaryIs></Polygon>"
231,Baker School,167,451,618,27%,73%,2,60,"<Polygon><outerBoundaryIs><LinearRing><coordinates>-97.717552,30.297426,0.0 -97.728023,30.302391,0.0 -97.728066,30.30265,0.0 -97.735877,30.306355,0.0 -97.738237,30.302724,0.0 -97.743001,30.305169,0.0 -97.744675,30.30265,0.0 -97.735147,30.29813,0.0 -97.734976,30.298426,0.0 -97.730942,30.296573,0.0 -97.731371,30.295906,0.0 -97.727766,30.294572,0.0 -97.727165,30.297537,0.0 -97.725019,30.296425,0.0 -97.723217,30.296499,0.0 -97.719269,30.294721,0.0 -97.717552,30.297426,0.0</coordinates></LinearRing></outerBoundaryIs></Polygon>",,,"<Polygon><outerBoundaryIs><LinearRing><coordinates>-97.717552,30.297426,0.0 -97.728023,30.302391,0.0 -97.728066,30.30265,0.0 -97.735877,30.306355,0.0 -97.738237,30.302724,0.0 -97.743001,30.305169,0.0 -97.744675,30.30265,0.0 -97.735147,30.29813,0.0 -97.734976,30.298426,0.0 -97.730942,30.296573,0.0 -97.731371,30.295906,0.0 -97.727766,30.294572,0.0 -97.727165,30.297537,0.0 -97.725019,30.296425,0.0 -97.723217,30.296499,0.0 -97.719269,30.294721,0.0 -97.717552,30.297426,0.0</coordinates></LinearRing></outerBoundaryIs></Polygon>"
232,Northside Church of Christ,129,231,360,36%,64%,2,60,"<Polygon><outerBoundaryIs><LinearRing><coordinates>-97.714333,30.302502,0.0 -97.724333,30.307022,0.0 -97.725105,30.307133,0.0 -97.732959,30.310838,0.0 -97.735877,30.306355,0.0 -97.728066,30.30265,0.0 -97.728023,30.302391,0.0 -97.717552,30.297426,0.0 -97.714333,30.302502,0.0</coordinates></LinearRing></outerBoundaryIs></Polygon>","<Polygon><outerBoundaryIs><LinearRing><coordinates>-97.735791,30.306392,0.0 -97.722273,30.299982,0.0 -97.720985,30.302613,0.0 -97.719655,30.304836,0.0 -97.724161,30.306985,0.0 -97.724547,30.306948,0.0 -97.722831,30.30969,0.0 -97.732401,30.314284,0.0 -97.732701,30.311505,0.0 -97.732916,30.310801,0.0 -97.735791,30.306392,0.0</coordinates></LinearRing></outerBoundaryIs></Polygon>",,"<Polygon><outerBoundaryIs><LinearRing><coordinates>-97.714333,30.302502,0.0 -97.724333,30.307022,0.0 -97.725105,30.307133,0.0 -97.732959,30.310838,0.0 -97.735877,30.306355,0.0 -97.728066,30.30265,0.0 -97.728023,30.302391,0.0 -97.717552,30.297426,0.0 -97.714333,30.302502,0.0</coordinates></LinearRing></outerBoundaryIs></Polygon>"
233,Trinity Lutheran Church,174,318,492,35%,65%,2,60,"<Polygon><outerBoundaryIs><LinearRing><coordinates>-97.732959,30.310838,0.0 -97.754374,30.321174,0.0 -97.756004,30.321396,0.0 -97.757034,30.309023,0.0 -97.751841,30.307911,0.0 -97.749309,30.305911,0.0 -97.749095,30.304873,0.0 -97.744675,30.30265,0.0 -97.743001,30.305169,0.0 -97.738237,30.302724,0.0 -97.732959,30.310838,0.0</coordinates></LinearRing></outerBoundaryIs></Polygon>",,,"<Polygon><outerBoundaryIs><LinearRing><coordinates>-97.732959,30.310838,0.0 -97.754374,30.321174,0.0 -97.756004,30.321396,0.0 -97.757034,30.309023,0.0 -97.751841,30.307911,0.0 -97.749309,30.305911,0.0 -97.749095,30.304873,0.0 -97.744675,30.30265,0.0 -97.743001,30.305169,0.0 -97.738237,30.302724,0.0 -97.732959,30.310838,0.0</coordinates></LinearRing></outerBoundaryIs></Polygon>"
234,Reilly School,85,272,357,24%,76%,2,60,"<Polygon><outerBoundaryIs><LinearRing><coordinates>-97.696009,30.32073,0.0 -97.697725,30.321174,0.0 -97.700751,30.321526,0.0 -97.703905,30.321841,0.0 -97.706137,30.321823,0.0 -97.708154,30.321434,0.0 -97.710214,30.320693,0.0 -97.711952,30.320155,0.0 -97.713078,30.320461,0.0 -97.713904,30.321137,0.0 -97.714977,30.322804,0.0 -97.715707,30.324175,0.0 -97.716007,30.325064,0.0 -97.71605,30.326842,0.0 -97.715707,30.330398,0.0 -97.715878,30.331768,0.0 -97.718797,30.337806,0.0 -97.732186,30.316692,0.0 -97.732744,30.311394,0.0 -97.732959,30.310838,0.0 -97.725105,30.307133,0.0 -97.724333,30.307022,0.0 -97.714333,30.302502,0.0 -97.708712,30.310505,0.0 -97.696009,30.32073,0.0</coordinates></LinearRing></outerBoundaryIs></Polygon>",,,"<Polygon><outerBoundaryIs><LinearRing><coordinates>-97.696009,30.32073,0.0 -97.697725,30.321174,0.0 -97.700751,30.321526,0.0 -97.703905,30.321841,0.0 -97.706137,30.321823,0.0 -97.708154,30.321434,0.0 -97.710214,30.320693,0.0 -97.711952,30.320155,0.0 -97.713078,30.320461,0.0 -97.713904,30.321137,0.0 -97.714977,30.322804,0.0 -97.715707,30.324175,0.0 -97.716007,30.325064,0.0 -97.71605,30.326842,0.0 -97.715707,30.330398,0.0 -97.715878,30.331768,0.0 -97.718797,30.337806,0.0 -97.732186,30.316692,0.0 -97.732744,30.311394,0.0 -97.732959,30.310838,0.0 -97.725105,30.307133,0.0 -97.724333,30.307022,0.0 -97.714333,30.302502,0.0 -97.708712,30.310505,0.0 -97.696009,30.32073,0.0</coordinates></LinearRing></outerBoundaryIs></Polygon>"
235,AN McCallum High School,79,203,282,28%,72%,2,60,"<Polygon><outerBoundaryIs><LinearRing><coordinates>-97.732959,30.310838,0.0 -97.732186,30.316692,0.0 -97.71987,30.335621,0.0 -97.738237,30.343769,0.0 -97.739954,30.335028,0.0 -97.739096,30.31947,0.0 -97.741928,30.315099,0.0 -97.738602,30.313598,0.0 -97.732959,30.310838,0.0</coordinates></LinearRing></outerBoundaryIs></Polygon>","<Polygon><outerBoundaryIs><LinearRing><coordinates>-97.726264,30.325916,0.0 -97.727036,30.326583,0.0 -97.727337,30.327175,0.0 -97.72738,30.328064,0.0 -97.727938,30.329064,0.0 -97.728324,30.329324,0.0 -97.739868,30.334843,0.0 -97.74004,30.332472,0.0 -97.739224,30.319248,0.0 -97.741671,30.315432,0.0 -97.732916,30.310801,0.0 -97.732701,30.311505,0.0 -97.732229,30.316581,0.0 -97.726264,30.325916,0.0</coordinates></LinearRing></outerBoundaryIs></Polygon>",,"<Polygon><outerBoundaryIs><LinearRing><coordinates>-97.732959,30.310838,0.0 -97.732186,30.316692,0.0 -97.71987,30.335621,0.0 -97.738237,30.343769,0.0 -97.739954,30.335028,0.0 -97.739096,30.31947,0.0 -97.741928,30.315099,0.0 -97.738602,30.313598,0.0 -97.732959,30.310838,0.0</coordinates></LinearRing></outerBoundaryIs></Polygon>"
236,Rosedale School,285,380,665,43%,57%,2,60,"<Polygon><outerBoundaryIs><LinearRing><coordinates>-97.741928,30.315099,0.0 -97.739096,30.31947,0.0 -97.739954,30.335028,0.0 -97.738237,30.343769,0.0 -97.739954,30.345399,0.0 -97.749481,30.349324,0.0 -97.755403,30.336584,0.0 -97.755725,30.331194,0.0 -97.749524,30.327731,0.0 -97.753601,30.320656,0.0 -97.75094,30.319396,0.0 -97.741928,30.315099,0.0</coordinates></LinearRing></outerBoundaryIs></Polygon>","<Polygon><outerBoundaryIs><LinearRing><coordinates>-97.739868,30.334843,0.0 -97.74137,30.335065,0.0 -97.742958,30.335213,0.0 -97.744932,30.335658,0.0 -97.74579,30.332657,0.0 -97.747807,30.328694,0.0 -97.749052,30.32762,0.0 -97.753558,30.320544,0.0 -97.753258,30.320507,0.0 -97.752485,30.32047,0.0 -97.741671,30.315432,0.0 -97.739224,30.319248,0.0 -97.74004,30.332732,0.0 -97.739868,30.334843,0.0</coordinates></LinearRing></outerBoundaryIs></Polygon>",,"<Polygon><outerBoundaryIs><LinearRing><coordinates>-97.741928,30.315099,0.0 -97.739096,30.31947,0.0 -97.739954,30.335028,0.0 -97.738237,30.343769,0.0 -97.739954,30.345399,0.0 -97.749481,30.349324,0.0 -97.755403,30.336584,0.0 -97.755725,30.331194,0.0 -97.749524,30.327731,0.0 -97.753601,30.320656,0.0 -97.75094,30.319396,0.0 -97.741928,30.315099,0.0</coordinates></LinearRing></outerBoundaryIs></Polygon>"
237,Murchison Jr High,494,736,1230,40%,60%,2,60,"<Polygon><outerBoundaryIs><LinearRing><coordinates>-97.777119,30.32599,0.0 -97.77051,30.322508,0.0 -97.764673,30.329398,0.0 -97.755747,30.324953,0.0 -97.756004,30.321396,0.0 -97.754374,30.321174,0.0 -97.753601,30.320656,0.0 -97.749524,30.327731,0.0 -97.755725,30.331194,0.0 -97.755403,30.336584,0.0 -97.759094,30.338732,0.0 -97.760467,30.341325,0.0 -97.7633,30.34288,0.0 -97.764244,30.342065,0.0 -97.766819,30.340584,0.0 -97.76948,30.34125,0.0 -97.778921,30.341325,0.0 -97.777119,30.32599,0.0</coordinates></LinearRing></outerBoundaryIs></Polygon>","<Polygon><outerBoundaryIs><LinearRing><coordinates>-97.75888,30.33851,0.0 -97.75918,30.339287,0.0 -97.759952,30.340028,0.0 -97.760425,30.340954,0.0 -97.761583,30.341843,0.0 -97.763085,30.342547,0.0 -97.764802,30.341806,0.0 -97.766089,30.34088,0.0 -97.766862,30.340547,0.0 -97.76845,30.340954,0.0 -97.769394,30.341325,0.0 -97.769823,30.335287,0.0 -97.770381,30.329694,0.0 -97.772956,30.328101,0.0 -97.773557,30.324064,0.0 -97.773385,30.322545,0.0 -97.77287,30.321174,0.0 -97.774973,30.321396,0.0 -97.774458,30.31584,0.0 -97.774844,30.312913,0.0 -97.773771,30.312579,0.0 -97.772012,30.312876,0.0 -97.770081,30.314098,0.0 -97.769051,30.314469,0.0 -97.768192,30.314024,0.0 -97.76565,30.318553,0.0 -97.769421,30.320762,0.0 -97.763493,30.32912,0.0 -97.766046,30.330213,0.0 -97.766218,30.331065,0.0 -97.766089,30.331324,0.0 -97.765489,30.331213,0.0 -97.762828,30.334139,0.0 -97.762012,30.334843,0.0 -97.761412,30.336065,0.0 -97.75888,30.33851,0.0</coordinates></LinearRing></outerBoundaryIs></Polygon>",,"<Polygon><outerBoundaryIs><LinearRing><coordinates>-97.777119,30.32599,0.0 -97.77051,30.322508,0.0 -97.764673,30.329398,0.0 -97.755747,30.324953,0.0 -97.756004,30.321396,0.0 -97.754374,30.321174,0.0 -97.753601,30.320656,0.0 -97.749524,30.327731,0.0 -97.755725,30.331194,0.0 -97.755403,30.336584,0.0 -97.759094,30.338732,0.0 -97.760467,30.341325,0.0 -97.7633,30.34288,0.0 -97.764244,30.342065,0.0 -97.766819,30.340584,0.0 -97.76948,30.34125,0.0 -97.778921,30.341325,0.0 -97.777119,30.32599,0.0</coordinates></LinearRing></outerBoundaryIs></Polygon>"
238,Brown Elementary School,203,389,592,34%,66%,2,60,"<Polygon><outerBoundaryIs><LinearRing><coordinates>-97.696009,30.32073,0.0 -97.693005,30.324879,0.0 -97.695193,30.325953,0.0 -97.693262,30.329731,0.0 -97.699785,30.332324,0.0 -97.696953,30.337102,0.0 -97.705278,30.343732,0.0 -97.699099,30.353361,0.0 -97.702832,30.355324,0.0 -97.711115,30.349435,0.0 -97.718797,30.337806,0.0 -97.715878,30.331768,0.0 -97.715707,30.330398,0.0 -97.71605,30.326842,0.0 -97.716007,30.325064,0.0 -97.715707,30.324175,0.0 -97.714977,30.322804,0.0 -97.713904,30.321137,0.0 -97.713078,30.320461,0.0 -97.711952,30.320155,0.0 -97.708154,30.321434,0.0 -97.706137,30.321823,0.0 -97.703905,30.321841,0.0 -97.697725,30.321174,0.0 -97.696009,30.32073,0.0</coordinates></LinearRing></outerBoundaryIs></Polygon>","<Polygon><outerBoundaryIs><LinearRing><coordinates>-97.756991,30.337473,0.0 -97.755017,30.340732,0.0 -97.759781,30.345843,0.0 -97.75888,30.348917,0.0 -97.761497,30.350732,0.0 -97.763686,30.350287,0.0 -97.763729,30.350843,0.0 -97.76433,30.351806,0.0 -97.766218,30.35325,0.0 -97.767205,30.353879,0.0 -97.760467,30.367099,0.0 -97.764158,30.373986,0.0 -97.769308,30.375319,0.0 -97.773728,30.373579,0.0 -97.774801,30.372135,0.0 -97.775316,30.369469,0.0 -97.7739,30.368987,0.0 -97.771325,30.367766,0.0 -97.769136,30.367729,0.0 -97.766647,30.366136,0.0 -97.7633,30.364914,0.0 -97.766347,30.360101,0.0 -97.76772,30.357879,0.0 -97.767892,30.356361,0.0 -97.768493,30.35562,0.0 -97.769608,30.354842,0.0 -97.770596,30.353879,0.0 -97.771883,30.351806,0.0 -97.771583,30.349917,0.0 -97.772055,30.348843,0.0 -97.771668,30.346843,0.0 -97.77184,30.344769,0.0 -97.7739,30.344695,0.0 -97.775273,30.344473,0.0 -97.776904,30.343732,0.0 -97.777677,30.343695,0.0 -97.777162,30.342362,0.0 -97.77699,30.341213,0.0 -97.769394,30.341325,0.0 -97.76845,30.340954,0.0 -97.766862,30.340547,0.0 -97.766089,30.34088,0.0 -97.764802,30.341806,0.0 -97.763085,30.342547,0.0 -97.761583,30.341843,0.0 -97.760425,30.340954,0.0 -97.759952,30.340028,0.0 -97.75918,30.339287,0.0 -97.75888,30.33851,0.0 -97.756991,30.337473,0.0</coordinates></LinearRing></outerBoundaryIs></Polygon>",,"<Polygon><outerBoundaryIs><LinearRing><coordinates>-97.696009,30.32073,0.0 -97.693005,30.324879,0.0 -97.695193,30.325953,0.0 -97.693262,30.329731,0.0 -97.699785,30.332324,0.0 -97.696953,30.337102,0.0 -97.705278,30.343732,0.0 -97.699099,30.353361,0.0 -97.702832,30.355324,0.0 -97.711115,30.349435,0.0 -97.718797,30.337806,0.0 -97.715878,30.331768,0.0 -97.715707,30.330398,0.0 -97.71605,30.326842,0.0 -97.716007,30.325064,0.0 -97.715707,30.324175,0.0 -97.714977,30.322804,0.0 -97.713904,30.321137,0.0 -97.713078,30.320461,0.0 -97.711952,30.320155,0.0 -97.708154,30.321434,0.0 -97.706137,30.321823,0.0 -97.703905,30.321841,0.0 -97.697725,30.321174,0.0 -97.696009,30.32073,0.0</coordinates></LinearRing></outerBoundaryIs></Polygon>"
239,Gullet School,324,536,860,38%,62%,2,60,"<Polygon><outerBoundaryIs><LinearRing><coordinates>-97.712231,30.347547,0.0 -97.73077,30.355842,0.0 -97.726307,30.372875,0.0 -97.739439,30.374949,0.0 -97.749481,30.349324,0.0 -97.739954,30.345399,0.0 -97.738237,30.343769,0.0 -97.71987,30.335621,0.0 -97.712231,30.347547,0.0</coordinates></LinearRing></outerBoundaryIs></Polygon>","<Polygon><outerBoundaryIs><LinearRing><coordinates>-97.737594,30.345399,0.0 -97.749052,30.350583,0.0 -97.753,30.341547,0.0 -97.754159,30.342028,0.0 -97.756991,30.337473,0.0 -97.753386,30.335324,0.0 -97.751455,30.334584,0.0 -97.749996,30.334472,0.0 -97.748623,30.334546,0.0 -97.745833,30.335843,0.0 -97.744932,30.335658,0.0 -97.742958,30.335213,0.0 -97.739868,30.334843,0.0 -97.73828,30.344028,0.0 -97.737594,30.345399,0.0</coordinates></LinearRing></outerBoundaryIs></Polygon>",,"<Polygon><outerBoundaryIs><LinearRing><coordinates>-97.712231,30.347547,0.0 -97.73077,30.355842,0.0 -97.726307,30.372875,0.0 -97.739439,30.374949,0.0 -97.749481,30.349324,0.0 -97.739954,30.345399,0.0 -97.738237,30.343769,0.0 -97.71987,30.335621,0.0 -97.712231,30.347547,0.0</coordinates></LinearRing></outerBoundaryIs></Polygon>"
240,Highland Park School,289,151,440,66%,34%,2,69,"<Polygon><outerBoundaryIs><LinearRing><coordinates>-97.763493,30.32912,0.0 -97.760296,30.327435,0.0 -97.758826,30.32687,0.0 -97.757651,30.325985,0.0 -97.757249,30.325545,0.0 -97.756473,30.321275,0.0 -97.755017,30.321322,0.0 -97.753558,30.320544,0.0 -97.749052,30.32762,0.0 -97.747807,30.328694,0.0 -97.74579,30.332657,0.0 -97.744932,30.335658,0.0 -97.745833,30.335843,0.0 -97.74888,30.334584,0.0 -97.749996,30.334472,0.0 -97.751455,30.334584,0.0 -97.753386,30.335324,0.0 -97.75888,30.33851,0.0 -97.760081,30.337473,0.0 -97.761412,30.336065,0.0 -97.762012,30.334843,0.0 -97.762828,30.334139,0.0 -97.764931,30.331843,0.0 -97.765489,30.331213,0.0 -97.766089,30.331324,0.0 -97.766218,30.331065,0.0 -97.766046,30.330213,0.0 -97.763493,30.32912,0.0</coordinates></LinearRing></outerBoundaryIs></Polygon>","<Polygon><outerBoundaryIs><LinearRing><coordinates>-97.763493,30.32912,0.0 -97.760296,30.327435,0.0 -97.758826,30.32687,0.0 -97.757651,30.325985,0.0 -97.757249,30.325545,0.0 -97.756473,30.321275,0.0 -97.755017,30.321322,0.0 -97.753558,30.320544,0.0 -97.749052,30.32762,0.0 -97.747807,30.328694,0.0 -97.74579,30.332657,0.0 -97.744932,30.335658,0.0 -97.745833,30.335843,0.0 -97.74888,30.334584,0.0 -97.749996,30.334472,0.0 -97.751455,30.334584,0.0 -97.753386,30.335324,0.0 -97.75888,30.33851,0.0 -97.760081,30.337473,0.0 -97.761412,30.336065,0.0 -97.762012,30.334843,0.0 -97.762828,30.334139,0.0 -97.764931,30.331843,0.0 -97.765489,30.331213,0.0 -97.766089,30.331324,0.0 -97.766218,30.331065,0.0 -97.766046,30.330213,0.0 -97.763493,30.32912,0.0</coordinates></LinearRing></outerBoundaryIs></Polygon>",,
241,Brentwood School,219,582,801,27%,73%,2,69,"<Polygon><outerBoundaryIs><LinearRing><coordinates>-97.726479,30.340491,0.0 -97.732149,30.343366,0.0 -97.733871,30.343741,0.0 -97.735598,30.344565,0.0 -97.737594,30.345399,0.0 -97.73828,30.344028,0.0 -97.739868,30.334843,0.0 -97.731585,30.330917,0.0 -97.73077,30.332398,0.0 -97.730341,30.334398,0.0 -97.726479,30.340491,0.0</coordinates></LinearRing></outerBoundaryIs></Polygon>","<Polygon><outerBoundaryIs><LinearRing><coordinates>-97.726479,30.340491,0.0 -97.732149,30.343366,0.0 -97.733871,30.343741,0.0 -97.735598,30.344565,0.0 -97.737594,30.345399,0.0 -97.73828,30.344028,0.0 -97.739868,30.334843,0.0 -97.731585,30.330917,0.0 -97.73077,30.332398,0.0 -97.730341,30.334398,0.0 -97.726479,30.340491,0.0</coordinates></LinearRing></outerBoundaryIs></Polygon>",,
242,Burnet Jr High School,286,500,786,36%,64%,2,69,"<Polygon><outerBoundaryIs><LinearRing><coordinates>-97.712574,30.347547,0.0 -97.710943,30.349621,0.0 -97.700129,30.357249,0.0 -97.699957,30.357657,0.0 -97.708368,30.361619,0.0 -97.709055,30.361767,0.0 -97.71738,30.365618,0.0 -97.718024,30.365581,0.0 -97.714119,30.35225,0.0 -97.712574,30.347547,0.0</coordinates></LinearRing></outerBoundaryIs></Polygon>","<Polygon><outerBoundaryIs><LinearRing><coordinates>-97.712574,30.347547,0.0 -97.710943,30.349621,0.0 -97.700129,30.357249,0.0 -97.699957,30.357657,0.0 -97.708368,30.361619,0.0 -97.709055,30.361767,0.0 -97.71738,30.365618,0.0 -97.718024,30.365581,0.0 -97.714119,30.35225,0.0 -97.712574,30.347547,0.0</coordinates></LinearRing></outerBoundaryIs></Polygon>",,
243,Read School,161,282,443,36%,64%,2,69,"<Polygon><outerBoundaryIs><LinearRing><coordinates>-97.749052,30.350583,0.0 -97.737594,30.345399,0.0 -97.737122,30.345954,0.0 -97.730942,30.356175,0.0 -97.729311,30.361952,0.0 -97.742186,30.367988,0.0 -97.743301,30.364655,0.0 -97.746563,30.365914,0.0 -97.745876,30.367617,0.0 -97.747765,30.368284,0.0 -97.750168,30.36547,0.0 -97.748623,30.362878,0.0 -97.747765,30.363322,0.0 -97.744503,30.362582,0.0 -97.749052,30.350583,0.0</coordinates></LinearRing></outerBoundaryIs></Polygon>","<Polygon><outerBoundaryIs><LinearRing><coordinates>-97.749052,30.350583,0.0 -97.737594,30.345399,0.0 -97.737122,30.345954,0.0 -97.730942,30.356175,0.0 -97.729311,30.361952,0.0 -97.742186,30.367988,0.0 -97.743301,30.364655,0.0 -97.746563,30.365914,0.0 -97.745876,30.367617,0.0 -97.747765,30.368284,0.0 -97.750168,30.36547,0.0 -97.748623,30.362878,0.0 -97.747765,30.363322,0.0 -97.744503,30.362582,0.0 -97.749052,30.350583,0.0</coordinates></LinearRing></outerBoundaryIs></Polygon>",,
244,Wooten School,120,360,480,25%,75%,2,69,"<Polygon><outerBoundaryIs><LinearRing><coordinates>-97.731585,30.330917,0.0 -97.728324,30.329324,0.0 -97.727938,30.329064,0.0 -97.72738,30.328064,0.0 -97.727337,30.327175,0.0 -97.727036,30.326583,0.0 -97.726264,30.325916,0.0 -97.723517,30.330287,0.0 -97.720427,30.328879,0.0 -97.721157,30.32762,0.0 -97.721329,30.326249,0.0 -97.722487,30.324582,0.0 -97.723346,30.324101,0.0 -97.723818,30.323545,0.0 -97.723432,30.323249,0.0 -97.719612,30.322434,0.0 -97.715878,30.320619,0.0 -97.714634,30.320248,0.0 -97.712617,30.320359,0.0 -97.713261,30.321174,0.0 -97.714977,30.32273,0.0 -97.716093,30.325027,0.0 -97.715664,30.330509,0.0 -97.715836,30.331917,0.0 -97.71884,30.337621,0.0 -97.712574,30.347547,0.0 -97.714119,30.35225,0.0 -97.717638,30.354176,0.0 -97.719912,30.355287,0.0 -97.72253,30.35562,0.0 -97.723346,30.351954,0.0 -97.723045,30.349621,0.0 -97.723002,30.348843,0.0 -97.724676,30.346213,0.0 -97.725363,30.344917,0.0 -97.725019,30.343362,0.0 -97.725062,30.342695,0.0 -97.730341,30.334398,0.0 -97.73077,30.332398,0.0 -97.731585,30.330917,0.0</coordinates></LinearRing></outerBoundaryIs></Polygon>","<Polygon><outerBoundaryIs><LinearRing><coordinates>-97.731585,30.330917,0.0 -97.728324,30.329324,0.0 -97.727938,30.329064,0.0 -97.72738,30.328064,0.0 -97.727337,30.327175,0.0 -97.727036,30.326583,0.0 -97.726264,30.325916,0.0 -97.723517,30.330287,0.0 -97.720427,30.328879,0.0 -97.721157,30.32762,0.0 -97.721329,30.326249,0.0 -97.722487,30.324582,0.0 -97.723346,30.324101,0.0 -97.723818,30.323545,0.0 -97.723432,30.323249,0.0 -97.719612,30.322434,0.0 -97.715878,30.320619,0.0 -97.714634,30.320248,0.0 -97.712617,30.320359,0.0 -97.713261,30.321174,0.0 -97.714977,30.32273,0.0 -97.716093,30.325027,0.0 -97.715664,30.330509,0.0 -97.715836,30.331917,0.0 -97.71884,30.337621,0.0 -97.712574,30.347547,0.0 -97.714119,30.35225,0.0 -97.717638,30.354176,0.0 -97.719912,30.355287,0.0 -97.72253,30.35562,0.0 -97.723346,30.351954,0.0 -97.723045,30.349621,0.0 -97.723002,30.348843,0.0 -97.724676,30.346213,0.0 -97.725363,30.344917,0.0 -97.725019,30.343362,0.0 -97.725062,30.342695,0.0 -97.730341,30.334398,0.0 -97.73077,30.332398,0.0 -97.731585,30.330917,0.0</coordinates></LinearRing></outerBoundaryIs></Polygon>",,
321,Office of Frank W McBee,133,248,381,35%,65%,3,60,"<Polygon><outerBoundaryIs><LinearRing><coordinates>-97.759781,30.229482,0.0 -97.756605,30.235266,0.0 -97.752743,30.239938,0.0 -97.752657,30.24194,0.0 -97.74519,30.261773,0.0 -97.754374,30.265072,0.0 -97.764416,30.246537,0.0 -97.772055,30.236972,0.0 -97.772055,30.23497,0.0 -97.759781,30.229482,0.0</coordinates></LinearRing></outerBoundaryIs></Polygon>","<Polygon><outerBoundaryIs><LinearRing><coordinates>-97.776861,30.283048,0.0 -97.773857,30.27886,0.0 -97.769608,30.276673,0.0 -97.763772,30.285938,0.0 -97.766175,30.287124,0.0 -97.772055,30.29057,0.0 -97.776861,30.283048,0.0</coordinates></LinearRing></outerBoundaryIs></Polygon>",,"<Polygon><outerBoundaryIs><LinearRing><coordinates>-97.759781,30.229482,0.0 -97.756605,30.235266,0.0 -97.752743,30.239938,0.0 -97.752657,30.24194,0.0 -97.74519,30.261773,0.0 -97.754374,30.265072,0.0 -97.764416,30.246537,0.0 -97.772055,30.236972,0.0 -97.772055,30.23497,0.0 -97.759781,30.229482,0.0</coordinates></LinearRing></outerBoundaryIs></Polygon>"
322,Zilker School,206,125,331,62%,38%,3,60,"<Polygon><outerBoundaryIs><LinearRing><coordinates>-97.754374,30.265072,0.0 -97.758322,30.266629,0.0 -97.763987,30.269001,0.0 -97.768364,30.270706,0.0 -97.777418,30.27823,0.0 -97.785165,30.284845,0.0 -97.786903,30.29146,0.0 -97.789027,30.291867,0.0 -97.792664,30.290662,0.0 -97.798517,30.286206,0.0 -97.792431,30.281792,0.0 -97.78686,30.283158,0.0 -97.774973,30.270113,0.0 -97.780895,30.266555,0.0 -97.786131,30.264701,0.0 -97.785101,30.263515,0.0 -97.786303,30.261736,0.0 -97.787676,30.257881,0.0 -97.785273,30.255434,0.0 -97.783985,30.255583,0.0 -97.783813,30.260328,0.0 -97.782268,30.261143,0.0 -97.779093,30.261143,0.0 -97.771969,30.261959,0.0 -97.770939,30.260698,0.0 -97.772398,30.258771,0.0 -97.775316,30.256769,0.0 -97.780294,30.249503,0.0 -97.783298,30.250689,0.0 -97.785015,30.245573,0.0 -97.780895,30.244535,0.0 -97.781753,30.242237,0.0 -97.782268,30.239493,0.0 -97.786131,30.232968,0.0 -97.773857,30.227925,0.0 -97.772055,30.236972,0.0 -97.764416,30.246537,0.0 -97.754374,30.265072,0.0</coordinates></LinearRing></outerBoundaryIs></Polygon>","<Polygon><outerBoundaryIs><LinearRing><coordinates>-97.756519,30.265813,0.0 -97.756348,30.266407,0.0 -97.758322,30.268037,0.0 -97.762098,30.269668,0.0 -97.763815,30.271447,0.0 -97.768192,30.276043,0.0 -97.770939,30.277377,0.0 -97.773857,30.27886,0.0 -97.782955,30.29146,0.0 -97.789049,30.291904,0.0 -97.790251,30.290126,0.0 -97.792911,30.290719,0.0 -97.776003,30.267963,0.0 -97.772484,30.262996,0.0 -97.78523,30.256213,0.0 -97.778578,30.252877,0.0 -97.777033,30.254804,0.0 -97.773213,30.252914,0.0 -97.774887,30.250615,0.0 -97.769909,30.248317,0.0 -97.766561,30.249874,0.0 -97.762613,30.253952,0.0 -97.761068,30.256843,0.0 -97.759352,30.258178,0.0 -97.756519,30.265813,0.0</coordinates></LinearRing></outerBoundaryIs></Polygon>",,"<Polygon><outerBoundaryIs><LinearRing><coordinates>-97.754374,30.265072,0.0 -97.758322,30.266629,0.0 -97.763987,30.269001,0.0 -97.768364,30.270706,0.0 -97.777418,30.27823,0.0 -97.785165,30.284845,0.0 -97.786903,30.29146,0.0 -97.789027,30.291867,0.0 -97.792664,30.290662,0.0 -97.798517,30.286206,0.0 -97.792431,30.281792,0.0 -97.78686,30.283158,0.0 -97.774973,30.270113,0.0 -97.780895,30.266555,0.0 -97.786131,30.264701,0.0 -97.785101,30.263515,0.0 -97.786303,30.261736,0.0 -97.787676,30.257881,0.0 -97.785273,30.255434,0.0 -97.783985,30.255583,0.0 -97.783813,30.260328,0.0 -97.782268,30.261143,0.0 -97.779093,30.261143,0.0 -97.771969,30.261959,0.0 -97.770939,30.260698,0.0 -97.772398,30.258771,0.0 -97.775316,30.256769,0.0 -97.780294,30.249503,0.0 -97.783298,30.250689,0.0 -97.785015,30.245573,0.0 -97.780895,30.244535,0.0 -97.781753,30.242237,0.0 -97.782268,30.239493,0.0 -97.786131,30.232968,0.0 -97.773857,30.227925,0.0 -97.772055,30.236972,0.0 -97.764416,30.246537,0.0 -97.754374,30.265072,0.0</coordinates></LinearRing></outerBoundaryIs></Polygon>"
323,Joslin School,211,622,833,25%,75%,3,69,"<Polygon><outerBoundaryIs><LinearRing><coordinates>-97.788105,30.230298,0.0 -97.797203,30.215688,0.0 -97.799177,30.214427,0.0 -97.801838,30.213018,0.0 -97.804842,30.20879,0.0 -97.799177,30.205674,0.0 -97.793169,30.214427,0.0 -97.790937,30.21591,0.0 -97.785702,30.21769,0.0 -97.781839,30.21769,0.0 -97.776947,30.221176,0.0 -97.776775,30.226738,0.0 -97.77626,30.227702,0.0 -97.783642,30.228147,0.0 -97.788105,30.230298,0.0</coordinates></LinearRing></outerBoundaryIs></Polygon>","<Polygon><outerBoundaryIs><LinearRing><coordinates>-97.788105,30.230298,0.0 -97.797203,30.215688,0.0 -97.799177,30.214427,0.0 -97.801838,30.213018,0.0 -97.804842,30.20879,0.0 -97.799177,30.205674,0.0 -97.793169,30.214427,0.0 -97.790937,30.21591,0.0 -97.785702,30.21769,0.0 -97.781839,30.21769,0.0 -97.776947,30.221176,0.0 -97.776775,30.226738,0.0 -97.77626,30.227702,0.0 -97.783642,30.228147,0.0 -97.788105,30.230298,0.0</coordinates></LinearRing></outerBoundaryIs></Polygon>",,
324,Dawson School,172,440,612,28%,72%,3,69,"<Polygon><outerBoundaryIs><LinearRing><coordinates>-97.769909,30.248317,0.0 -97.773342,30.247501,0.0 -97.776432,30.247056,0.0 -97.778149,30.246537,0.0 -97.792225,30.236601,0.0 -97.796345,30.234154,0.0 -97.783642,30.228147,0.0 -97.77626,30.227702,0.0 -97.770939,30.24372,0.0 -97.768879,30.246167,0.0 -97.769909,30.248317,0.0</coordinates></LinearRing></outerBoundaryIs></Polygon>","<Polygon><outerBoundaryIs><LinearRing><coordinates>-97.769909,30.248317,0.0 -97.773342,30.247501,0.0 -97.776432,30.247056,0.0 -97.778149,30.246537,0.0 -97.792225,30.236601,0.0 -97.796345,30.234154,0.0 -97.783642,30.228147,0.0 -97.77626,30.227702,0.0 -97.770939,30.24372,0.0 -97.768879,30.246167,0.0 -97.769909,30.248317,0.0</coordinates></LinearRing></outerBoundaryIs></Polygon>",,
325,Barton Hills School,157,293,450,35%,65%,3,69,"<Polygon><outerBoundaryIs><LinearRing><coordinates>-97.786989,30.240383,0.0 -97.778149,30.246537,0.0 -97.776432,30.247056,0.0 -97.773342,30.247501,0.0 -97.770166,30.24828,0.0 -97.774887,30.250615,0.0 -97.773213,30.252914,0.0 -97.777033,30.254804,0.0 -97.778578,30.252877,0.0 -97.78523,30.256213,0.0 -97.789307,30.249392,0.0 -97.788105,30.245499,0.0 -97.788191,30.241718,0.0 -97.786989,30.240383,0.0</coordinates></LinearRing></outerBoundaryIs></Polygon>","<Polygon><outerBoundaryIs><LinearRing><coordinates>-97.786989,30.240383,0.0 -97.778149,30.246537,0.0 -97.776432,30.247056,0.0 -97.773342,30.247501,0.0 -97.770166,30.24828,0.0 -97.774887,30.250615,0.0 -97.773213,30.252914,0.0 -97.777033,30.254804,0.0 -97.778578,30.252877,0.0 -97.78523,30.256213,0.0 -97.789307,30.249392,0.0 -97.788105,30.245499,0.0 -97.788191,30.241718,0.0 -97.786989,30.240383,0.0</coordinates></LinearRing></outerBoundaryIs></Polygon>",,
421,Grace Methodist Church,169,340,509,33%,67%,4,60,"<Polygon><outerBoundaryIs><LinearRing><coordinates>-97.74519,30.261773,0.0 -97.752657,30.24194,0.0 -97.743216,30.238307,0.0 -97.732315,30.232671,0.0 -97.724504,30.244832,0.0 -97.717295,30.242682,0.0 -97.713518,30.248317,0.0 -97.713518,30.250022,0.0 -97.716436,30.249577,0.0 -97.719955,30.247872,0.0 -97.723818,30.246241,0.0 -97.728796,30.247501,0.0 -97.732701,30.249318,0.0 -97.740254,30.253433,0.0 -97.742872,30.259772,0.0 -97.74519,30.261773,0.0</coordinates></LinearRing></outerBoundaryIs></Polygon>","<Polygon><outerBoundaryIs><LinearRing><coordinates>-97.737122,30.240976,0.0 -97.73489,30.244832,0.0 -97.735748,30.25017,0.0 -97.737808,30.251505,0.0 -97.740898,30.254248,0.0 -97.742529,30.259438,0.0 -97.74519,30.26181,0.0 -97.751026,30.246092,0.0 -97.74622,30.24461,0.0 -97.744503,30.244684,0.0 -97.737122,30.240976,0.0</coordinates></LinearRing></outerBoundaryIs></Polygon>",,"<Polygon><outerBoundaryIs><LinearRing><coordinates>-97.74519,30.261773,0.0 -97.752657,30.24194,0.0 -97.743216,30.238307,0.0 -97.732315,30.232671,0.0 -97.724504,30.244832,0.0 -97.717295,30.242682,0.0 -97.713518,30.248317,0.0 -97.713518,30.250022,0.0 -97.716436,30.249577,0.0 -97.719955,30.247872,0.0 -97.723818,30.246241,0.0 -97.728796,30.247501,0.0 -97.732701,30.249318,0.0 -97.740254,30.253433,0.0 -97.742872,30.259772,0.0 -97.74519,30.261773,0.0</coordinates></LinearRing></outerBoundaryIs></Polygon>"
422,Travis Heights School,225,390,615,37%,63%,4,60,"<Polygon><outerBoundaryIs><LinearRing><coordinates>-97.732315,30.232671,0.0 -97.743216,30.238307,0.0 -97.752657,30.24194,0.0 -97.752743,30.239938,0.0 -97.753601,30.238826,0.0 -97.756605,30.235266,0.0 -97.763643,30.223475,0.0 -97.761669,30.221992,0.0 -97.754288,30.232968,0.0 -97.74828,30.23015,0.0 -97.751541,30.22303,0.0 -97.744074,30.219915,0.0 -97.7421,30.224588,0.0 -97.737808,30.222956,0.0 -97.732315,30.232671,0.0</coordinates></LinearRing></outerBoundaryIs></Polygon>","<Polygon><outerBoundaryIs><LinearRing><coordinates>-97.751026,30.246092,0.0 -97.752571,30.241866,0.0 -97.752829,30.23979,0.0 -97.756863,30.234896,0.0 -97.76433,30.222289,0.0 -97.756519,30.218729,0.0 -97.752142,30.215243,0.0 -97.737122,30.240976,0.0 -97.744503,30.244684,0.0 -97.74622,30.24461,0.0 -97.751026,30.246092,0.0</coordinates></LinearRing></outerBoundaryIs></Polygon>",,"<Polygon><outerBoundaryIs><LinearRing><coordinates>-97.732315,30.232671,0.0 -97.743216,30.238307,0.0 -97.752657,30.24194,0.0 -97.752743,30.239938,0.0 -97.753601,30.238826,0.0 -97.756605,30.235266,0.0 -97.763643,30.223475,0.0 -97.761669,30.221992,0.0 -97.754288,30.232968,0.0 -97.74828,30.23015,0.0 -97.751541,30.22303,0.0 -97.744074,30.219915,0.0 -97.7421,30.224588,0.0 -97.737808,30.222956,0.0 -97.732315,30.232671,0.0</coordinates></LinearRing></outerBoundaryIs></Polygon>"
423,Allison School,116,43,159,73%,27%,4,60,"<Polygon><outerBoundaryIs><LinearRing><coordinates>-97.690773,30.245648,0.0 -97.694807,30.24498,0.0 -97.697983,30.245203,0.0 -97.700214,30.239197,0.0 -97.704163,30.235637,0.0 -97.707424,30.226887,0.0 -97.712574,30.22926,0.0 -97.712059,30.230446,0.0 -97.712402,30.234006,0.0 -97.719269,30.239048,0.0 -97.727594,30.227332,0.0 -97.726392,30.224402,0.0 -97.720728,30.220286,0.0 -97.713861,30.2168,0.0 -97.706909,30.220064,0.0 -97.716865,30.205674,0.0 -97.710171,30.20241,0.0 -97.695494,30.22036,0.0 -97.69515,30.221547,0.0 -97.70339,30.224884,0.0 -97.700901,30.228518,0.0 -97.694979,30.225181,0.0 -97.69043,30.229853,0.0 -97.690601,30.230817,0.0 -97.692747,30.232004,0.0 -97.69206,30.232968,0.0 -97.692833,30.233413,0.0 -97.691374,30.23497,0.0 -97.692575,30.235637,0.0 -97.691116,30.237565,0.0 -97.688026,30.239642,0.0 -97.690515,30.243052,0.0 -97.690773,30.245648,0.0</coordinates></LinearRing></outerBoundaryIs></Polygon>","<Polygon><outerBoundaryIs><LinearRing><coordinates>-97.683907,30.240086,0.0 -97.690601,30.245351,0.0 -97.693005,30.245129,0.0 -97.697296,30.245277,0.0 -97.699528,30.246463,0.0 -97.699871,30.248984,0.0 -97.703819,30.250319,0.0 -97.712917,30.25017,0.0 -97.713776,30.248094,0.0 -97.72356,30.233116,0.0 -97.688198,30.213388,0.0 -97.662964,30.217987,0.0 -97.678069,30.226516,0.0 -97.683907,30.240086,0.0</coordinates></LinearRing></outerBoundaryIs></Polygon>",,"<Polygon><outerBoundaryIs><LinearRing><coordinates>-97.690773,30.245648,0.0 -97.694807,30.24498,0.0 -97.697983,30.245203,0.0 -97.700214,30.239197,0.0 -97.704163,30.235637,0.0 -97.707424,30.226887,0.0 -97.712574,30.22926,0.0 -97.712059,30.230446,0.0 -97.712402,30.234006,0.0 -97.719269,30.239048,0.0 -97.727594,30.227332,0.0 -97.726392,30.224402,0.0 -97.720728,30.220286,0.0 -97.713861,30.2168,0.0 -97.706909,30.220064,0.0 -97.716865,30.205674,0.0 -97.710171,30.20241,0.0 -97.695494,30.22036,0.0 -97.69515,30.221547,0.0 -97.70339,30.224884,0.0 -97.700901,30.228518,0.0 -97.694979,30.225181,0.0 -97.69043,30.229853,0.0 -97.690601,30.230817,0.0 -97.692747,30.232004,0.0 -97.69206,30.232968,0.0 -97.692833,30.233413,0.0 -97.691374,30.23497,0.0 -97.692575,30.235637,0.0 -97.691116,30.237565,0.0 -97.688026,30.239642,0.0 -97.690515,30.243052,0.0 -97.690773,30.245648,0.0</coordinates></LinearRing></outerBoundaryIs></Polygon>"
